date,product,quantity,unit_price,store,region,customer_id,payment_method
2022-06-01,Printer,7,413.41,Store_4,North,5082,Credit Card
2023-01-10,Smartphone,15,969.56,Store_1,East,5183,Debit Card
2023-08-22,Tablet,11,619.01,Store_4,East,9652,Cash
2022-10-16,Laptop,8,47.83,Store_2,South,4754,Cash
2022-10-22,Smartphone,7,242.67,Store_5,West,2724,Cash
2022-12-21,Printer,19,1076.8,Store_3,South,2376,Debit Card
2022-07-02,Printer,11,991.8,Store_2,West,9706,Debit Card
2022-12-16,Laptop,11,50.37,Store_2,East,9894,Debit Card
2023-07-28,Printer,4,340.74,Store_3,South,2653,Debit Card
2022-11-03,Keyboard,8,354.3,Store_3,East,3066,Debit Card
2023-04-25,Headphones,3,1011.12,Store_3,North,1022,PayPal
2022-04-02,Keyboard,2,39.37,Store_5,West,3460,PayPal
2022-04-07,Printer,12,165.12,Store_3,North,6926,Cash
2023-06-03,Monitor,6,1201.87,Store_1,North,7251,Credit Card
2022-06-27,Laptop,2,276.03,Store_4,East,8295,Cash
2023-05-28,Tablet,1,982.59,Store_4,East,4300,Credit Card
2023-04-11,Monitor,12,364.89,Store_5,South,7279,Debit Card
2022-01-15,Headphones,12,158.17,Store_3,South,9553,Credit Card
2023-03-06,Mouse,17,372.33,Store_2,North,8353,Cash
2022-11-06,Mouse,10,1086.18,Store_4,North,4727,Cash
2023-04-26,Keyboard,16,1284.99,Store_2,North,7272,Credit Card
2023-08-09,Printer,15,1247.03,Store_4,West,6995,PayPal
2023-04-20,Mouse,15,601.8,Store_2,North,1514,Debit Card
2023-01-06,Tablet,19,1005.45,Store_5,South,1448,Debit Card
2022-04-01,Laptop,12,315.43,Store_4,East,7019,Cash
2023-02-14,Keyboard,3,446.79,Store_4,East,6343,PayPal
2023-09-26,Monitor,5,1345.54,Store_4,North,9033,Credit Card
2022-01-13,Laptop,19,29.37,Store_5,North,3520,Debit Card
2022-09-29,Printer,7,137.41,Store_2,East,4081,PayPal
2022-07-28,Keyboard,9,319.75,Store_3,East,2428,Debit Card
2023-01-03,Laptop,7,49.53,Store_3,South,4967,PayPal
2023-11-04,Mouse,18,280.34,Store_1,East,7445,PayPal
2022-07-24,Headphones,4,878.73,Store_1,West,3159,Cash
2022-01-29,Mouse,14,637.92,Store_5,East,6132,Debit Card
2023-07-13,Monitor,18,1340.08,Store_4,North,3547,Credit Card
2023-03-09,Smartphone,9,1227.99,Store_1,South,3979,Cash
2022-02-19,Mouse,2,519.31,Store_4,West,3649,Cash
2023-10-27,Mouse,15,396.54,Store_1,South,9505,Credit Card
2023-07-03,Keyboard,7,575.74,Store_5,South,4083,Cash
2022-03-28,Printer,12,889.54,Store_3,South,2037,PayPal
2023-06-22,Monitor,8,409.41,Store_5,South,4489,PayPal
2022-01-31,Keyboard,15,939.98,Store_4,West,8604,Debit Card
2022-07-05,Headphones,3,620.02,Store_3,South,8544,Debit Card
2023-12-17,Smartphone,14,832.55,Store_4,East,3634,Credit Card
2023-05-21,Printer,17,659.83,Store_2,West,4983,Debit Card
2022-08-30,Keyboard,4,448.75,Store_3,West,2778,PayPal
2023-10-12,Headphones,18,1423.2,Store_5,North,8902,Credit Card
2022-03-05,Printer,8,1147.77,Store_2,West,6110,Credit Card
2022-07-15,Keyboard,4,218.77,Store_5,South,6189,Debit Card
2022-03-23,Smartphone,2,1304.02,Store_5,North,8378,PayPal
2022-01-26,Mouse,6,736.27,Store_1,North,2124,Credit Card
2022-06-14,Printer,10,1342.88,Store_2,South,1697,PayPal
2023-11-09,Tablet,4,1201.78,Store_1,South,3179,PayPal
2022-12-01,Tablet,18,643.57,Store_5,South,6251,PayPal
2023-08-19,Monitor,12,43.48,Store_4,North,2929,Debit Card
2022-10-11,Keyboard,2,410.33,Store_3,West,2013,Cash
2023-09-15,Laptop,10,817.03,Store_2,West,1226,Cash
2022-12-13,Mouse,4,953.88,Store_1,North,8321,Credit Card
2023-11-06,Printer,14,394.25,Store_4,North,2828,PayPal
2022-07-19,Printer,16,217.64,Store_5,North,8909,Debit Card
2022-01-04,Mouse,15,1254.05,Store_1,West,6588,PayPal
2023-09-06,Smartphone,8,1476.76,Store_5,West,3023,PayPal
2023-10-01,Printer,14,793.28,Store_3,North,5966,Debit Card
2023-12-26,Laptop,8,265.8,Store_4,South,6891,Cash
2022-07-01,Headphones,16,415.74,Store_2,East,2080,PayPal
2022-02-09,Keyboard,13,37.4,Store_2,South,6036,PayPal
2023-01-14,Smartphone,18,1372.31,Store_1,West,3563,Cash
2023-11-22,Monitor,15,185.45,Store_2,North,4292,Debit Card
2023-05-18,Mouse,13,869.01,Store_3,East,4586,Credit Card
2023-01-02,Mouse,9,418.34,Store_5,West,5431,Cash
2023-12-19,Monitor,15,835.73,Store_1,East,7841,Credit Card
2022-06-26,Printer,13,980.62,Store_1,North,7643,Credit Card
2023-01-23,Headphones,1,1246.32,Store_2,West,4959,Cash
2023-01-07,Tablet,7,317.57,Store_1,West,1161,PayPal
2022-01-09,Keyboard,9,26.38,Store_5,North,1593,Credit Card
2022-06-19,Mouse,1,213.96,Store_3,East,4390,Credit Card
2022-12-04,Tablet,12,1351.03,Store_4,West,6997,Debit Card
2022-08-12,Mouse,8,1312.1,Store_4,South,7354,PayPal
2022-03-24,Laptop,11,900.15,Store_3,South,1663,Credit Card
2022-09-02,Headphones,19,904.77,Store_4,East,1541,Debit Card
2023-04-16,Mouse,17,1000.9,Store_2,East,6433,PayPal
2022-01-04,Headphones,8,271.3,Store_4,North,6093,Cash
2023-01-30,Headphones,3,1372.47,Store_4,South,1867,Cash
2023-06-18,Monitor,3,633.97,Store_1,West,9623,Debit Card
2023-12-31,Tablet,1,580.88,Store_4,North,6469,Cash
2022-07-09,Keyboard,5,783.19,Store_5,West,7256,Credit Card
2023-05-26,Laptop,10,79.98,Store_5,North,2169,PayPal
2022-09-22,Smartphone,7,257.76,Store_3,East,1830,Credit Card
2022-12-03,Monitor,9,1109.67,Store_2,East,2651,Credit Card
2022-08-20,Keyboard,7,133.37,Store_4,South,2136,Cash
2023-01-23,Printer,9,908.7,Store_1,West,3810,Credit Card
2023-08-24,Printer,8,375.57,Store_2,West,9667,Cash
2022-12-13,Tablet,12,590.05,Store_1,West,2019,PayPal
2023-04-28,Mouse,2,440.15,Store_5,East,6237,PayPal
2022-12-14,Tablet,1,539.95,Store_1,South,2283,Credit Card
2023-08-14,Printer,16,1081.38,Store_1,South,1659,Debit Card
2022-04-04,Headphones,5,452.71,Store_1,South,3010,Cash
2023-09-07,Printer,3,853.94,Store_3,East,9590,Cash
2022-03-20,Printer,12,719.32,Store_1,East,2733,Credit Card
2023-07-11,Monitor,8,998.87,Store_1,South,3125,Cash
2023-02-09,Smartphone,3,1405.88,Store_5,East,3171,Cash
2023-12-27,Tablet,1,1101.53,Store_5,South,9266,Debit Card
2023-05-26,Keyboard,3,330.26,Store_2,South,4471,Debit Card
2023-04-25,Tablet,5,56.46,Store_1,East,6624,Credit Card
2023-11-25,Keyboard,15,400.77,Store_2,South,9691,Debit Card
2022-10-13,Keyboard,14,896.67,Store_5,East,9329,Credit Card
2022-11-15,Mouse,3,86.62,Store_2,North,3097,PayPal
2023-11-20,Tablet,1,749.59,Store_5,West,6068,Credit Card
2023-12-20,Laptop,5,899.3,Store_2,North,7397,PayPal
2023-09-03,Headphones,14,508.02,Store_4,North,3757,Credit Card
2022-05-23,Tablet,7,1158.66,Store_1,West,4920,Cash
2022-11-18,Tablet,9,168.83,Store_1,East,9186,Debit Card
2023-03-31,Mouse,15,121.96,Store_1,North,2900,PayPal
2022-09-10,Laptop,15,1095.0,Store_4,West,3610,Credit Card
2022-01-15,Tablet,10,748.28,Store_4,South,7900,Debit Card
2022-04-23,Headphones,13,1035.72,Store_4,South,2449,Credit Card
2022-11-19,Mouse,19,657.89,Store_1,South,9738,Debit Card
2023-06-10,Laptop,7,377.14,Store_1,North,6017,Debit Card
2023-08-08,Printer,17,1230.46,Store_1,East,8999,Credit Card
2022-11-05,Monitor,4,1201.13,Store_3,East,7052,PayPal
2023-11-06,Keyboard,5,1045.1,Store_4,West,3096,PayPal
2023-11-14,Mouse,7,415.5,Store_1,West,9895,Cash
2023-04-18,Tablet,13,889.44,Store_4,North,7404,Debit Card
2022-08-05,Laptop,15,547.85,Store_4,East,4331,Cash
2022-06-21,Mouse,11,146.46,Store_1,West,8462,Cash
2022-12-14,Printer,4,1376.8,Store_2,East,6105,Credit Card
2022-11-08,Monitor,13,213.86,Store_2,South,3978,Credit Card
2023-08-13,Smartphone,7,1425.85,Store_2,North,3839,Credit Card
2023-05-11,Printer,19,674.55,Store_3,South,4384,Debit Card
2022-05-02,Printer,2,285.85,Store_5,East,1685,Credit Card
2022-09-27,Mouse,10,817.43,Store_4,East,8531,Credit Card
2023-12-06,Tablet,13,1310.69,Store_5,North,5283,Debit Card
2023-04-11,Keyboard,6,1101.02,Store_1,South,8736,Debit Card
2023-10-02,Printer,12,1211.78,Store_5,West,8710,PayPal
2023-12-02,Keyboard,12,991.59,Store_1,West,2619,Credit Card
2022-04-09,Mouse,11,1041.49,Store_2,South,7868,Credit Card
2022-07-04,Mouse,7,1275.3,Store_2,North,2431,Credit Card
2023-05-25,Printer,1,382.01,Store_5,North,5713,PayPal
2022-04-15,Keyboard,1,739.24,Store_3,West,5998,Credit Card
2023-07-30,Laptop,13,339.6,Store_4,North,1162,PayPal
2023-12-02,Tablet,9,1481.63,Store_5,South,2974,Cash
2023-03-09,Keyboard,3,1416.65,Store_2,West,4291,PayPal
2022-06-22,Keyboard,7,68.75,Store_2,East,9461,Cash
2023-03-16,Monitor,6,1061.31,Store_3,South,1631,Credit Card
2022-02-21,Tablet,8,1388.62,Store_3,East,1905,Cash
2023-04-21,Laptop,9,279.06,Store_3,South,3014,PayPal
2023-02-24,Mouse,5,856.24,Store_5,East,8896,Debit Card
2022-10-02,Smartphone,1,1374.08,Store_4,North,1204,Cash
2023-03-06,Headphones,19,60.58,Store_4,North,1581,Cash
2022-06-08,Smartphone,10,1049.16,Store_4,South,6675,Credit Card
2022-10-01,Smartphone,12,453.05,Store_4,East,6347,PayPal
2022-05-18,Tablet,15,1387.35,Store_2,East,3643,Cash
2023-10-24,Headphones,9,1456.88,Store_4,East,9017,Cash
2023-12-10,Headphones,17,1416.96,Store_5,East,3297,Cash
2023-01-07,Monitor,17,716.58,Store_5,South,1874,Cash
2022-11-01,Tablet,12,1294.44,Store_3,North,6560,Debit Card
2023-05-28,Keyboard,7,1268.38,Store_3,East,1689,PayPal
2023-08-29,Keyboard,2,485.46,Store_1,South,5000,Credit Card
2022-10-06,Keyboard,3,1245.08,Store_1,West,1671,Credit Card
2023-06-26,Headphones,17,65.14,Store_2,West,8927,Debit Card
2023-12-14,Printer,5,898.44,Store_1,North,2171,PayPal
2023-07-22,Headphones,17,352.71,Store_1,South,6591,Cash
2023-10-21,Printer,17,189.64,Store_1,West,7342,Debit Card
2023-09-23,Smartphone,17,124.66,Store_2,South,2449,PayPal
2022-10-03,Tablet,2,1047.47,Store_3,East,3539,Cash
2023-08-06,Printer,2,516.41,Store_2,East,4959,Debit Card
2023-06-25,Monitor,5,1089.9,Store_3,East,7285,PayPal
2022-05-27,Tablet,1,107.38,Store_4,South,6432,Credit Card
2022-10-09,Tablet,1,479.78,Store_4,West,5260,Credit Card
2022-07-30,Keyboard,19,813.84,Store_5,North,3361,PayPal
2023-11-07,Mouse,2,1188.18,Store_1,North,7164,Credit Card
2023-11-03,Smartphone,12,484.94,Store_2,North,4670,PayPal
2023-08-14,Laptop,6,942.58,Store_2,South,2753,Cash
2023-05-31,Printer,4,1330.11,Store_5,West,9100,PayPal
2022-03-27,Mouse,11,927.64,Store_4,North,2938,Cash
2023-01-13,Printer,17,357.11,Store_2,North,9562,Debit Card
2023-09-01,Printer,6,46.36,Store_3,South,6976,PayPal
2022-02-16,Mouse,5,1306.45,Store_5,North,7588,Debit Card
2022-04-29,Keyboard,2,41.69,Store_3,North,9616,Credit Card
2022-11-05,Monitor,6,1313.31,Store_1,West,7304,Cash
2023-04-29,Mouse,11,798.12,Store_3,South,8345,PayPal
2023-03-24,Smartphone,16,1409.21,Store_2,West,8875,Debit Card
2022-04-04,Keyboard,16,1200.19,Store_1,East,7633,Cash
2023-04-07,Printer,1,1496.92,Store_5,North,1597,Cash
2022-03-28,Smartphone,9,532.56,Store_5,South,4062,Credit Card
2023-08-24,Headphones,6,1153.11,Store_1,North,3336,Credit Card
2022-08-09,Keyboard,16,608.88,Store_5,North,1572,Cash
2022-03-24,Tablet,3,725.01,Store_4,North,8521,Cash
2022-04-26,Keyboard,4,944.98,Store_1,North,7171,PayPal
2022-10-12,Printer,19,1311.78,Store_4,South,8097,Cash
2022-03-03,Headphones,3,1476.28,Store_1,West,3090,PayPal
2023-04-19,Smartphone,19,1154.73,Store_2,East,7566,Cash
2023-11-15,Laptop,7,632.47,Store_1,North,5624,Credit Card
2022-04-19,Headphones,9,637.82,Store_5,West,2633,PayPal
2023-11-21,Smartphone,1,1109.0,Store_3,East,2517,Debit Card
2022-02-14,Tablet,8,365.78,Store_3,North,4648,Credit Card
2023-03-22,Laptop,7,174.61,Store_5,West,2537,PayPal
2023-10-27,Monitor,18,538.39,Store_2,North,4137,PayPal
2022-05-16,Tablet,8,437.99,Store_4,West,7985,Debit Card
2022-09-14,Tablet,1,451.5,Store_5,South,1097,PayPal
2023-09-15,Mouse,11,358.08,Store_5,East,4750,Cash
2023-12-05,Printer,18,72.72,Store_4,West,9535,Debit Card
2023-03-06,Monitor,10,36.63,Store_2,South,9174,Credit Card
2022-08-20,Printer,3,1481.71,Store_4,South,9103,Credit Card
2022-03-27,Smartphone,7,647.38,Store_1,East,6413,Cash
2023-08-11,Laptop,16,582.65,Store_4,South,5666,Credit Card
2023-08-30,Headphones,16,1022.67,Store_5,South,1610,PayPal
2022-05-27,Mouse,17,335.2,Store_5,South,2727,PayPal
2023-02-15,Smartphone,2,1425.44,Store_2,North,2854,Cash
2023-04-27,Mouse,1,1181.65,Store_1,East,6055,Credit Card
2022-08-31,Laptop,16,143.22,Store_2,West,3324,Credit Card
2023-01-31,Smartphone,12,632.2,Store_5,North,6774,Cash
2022-06-04,Tablet,5,1319.89,Store_5,South,7519,Debit Card
2023-10-20,Mouse,5,1417.65,Store_3,East,2749,Credit Card
2022-10-02,Keyboard,9,706.43,Store_1,North,1781,Debit Card
2022-09-11,Headphones,9,923.98,Store_1,South,8548,Credit Card
2022-12-07,Keyboard,3,258.88,Store_2,East,7823,Credit Card
2022-12-11,Keyboard,19,1486.84,Store_5,North,3105,Credit Card
2023-11-22,Smartphone,16,355.19,Store_4,North,4867,Credit Card
2022-02-07,Keyboard,16,1414.67,Store_5,West,8193,PayPal
2023-04-01,Tablet,3,977.97,Store_4,West,5976,Debit Card
2023-11-06,Headphones,1,915.53,Store_4,West,3113,Debit Card
2022-12-19,Smartphone,11,773.91,Store_2,West,6879,Credit Card
2023-06-11,Smartphone,17,353.7,Store_4,North,4970,Credit Card
2022-10-11,Tablet,8,273.03,Store_3,South,8264,Debit Card
2022-10-29,Keyboard,4,338.52,Store_4,North,2577,PayPal
2022-10-02,Smartphone,6,287.79,Store_3,South,3274,Cash
2023-02-20,Tablet,8,1171.58,Store_3,East,5869,Cash
2023-09-11,Laptop,3,531.69,Store_4,North,7744,Debit Card
2023-06-12,Keyboard,16,96.19,Store_4,North,3426,Credit Card
2023-04-06,Laptop,3,1453.96,Store_2,East,6546,Credit Card
2023-10-18,Printer,18,1326.84,Store_3,South,7852,PayPal
2023-05-13,Monitor,14,1392.35,Store_5,South,3551,Cash
2022-04-01,Mouse,18,1492.41,Store_5,West,7411,PayPal
2022-12-03,Headphones,2,269.1,Store_2,East,1007,Cash
2023-01-09,Tablet,3,600.4,Store_2,East,9087,Debit Card
2022-04-25,Laptop,16,1139.78,Store_1,West,3555,Cash
2023-09-14,Tablet,9,1047.07,Store_5,North,1475,PayPal
2022-10-20,Printer,4,239.3,Store_3,South,6416,PayPal
2023-09-02,Mouse,1,1225.59,Store_2,South,9676,PayPal
2023-11-13,Keyboard,4,344.42,Store_3,East,8239,Debit Card
2022-05-20,Printer,1,343.49,Store_2,North,7710,Cash
2022-02-06,Keyboard,14,810.09,Store_2,East,6000,Cash
2023-08-17,Laptop,16,893.48,Store_1,West,5654,PayPal
2022-02-02,Printer,8,874.33,Store_5,North,9078,Cash
2022-07-27,Tablet,7,146.32,Store_4,East,7063,Credit Card
2023-03-07,Smartphone,3,1317.42,Store_3,West,3285,Credit Card
2022-11-10,Keyboard,17,405.74,Store_5,West,6223,Credit Card
2022-05-19,Laptop,1,202.98,Store_5,South,7971,Cash
2022-01-01,Tablet,16,1334.23,Store_4,West,4525,Debit Card
2023-01-11,Keyboard,12,1433.92,Store_4,West,3822,Debit Card
2023-07-12,Smartphone,19,1294.57,Store_1,East,5943,Debit Card
2023-09-27,Mouse,14,1216.18,Store_5,North,7530,Debit Card
2022-08-01,Tablet,6,986.31,Store_3,East,1258,Credit Card
2023-05-09,Keyboard,6,830.78,Store_2,South,1282,Credit Card
2023-01-05,Mouse,13,139.61,Store_2,North,2898,PayPal
2022-01-29,Printer,19,618.6,Store_4,West,5135,Cash
2023-01-29,Monitor,8,565.31,Store_3,West,7629,Cash
2022-02-21,Tablet,2,397.03,Store_4,East,4200,Debit Card
2022-05-19,Monitor,1,1087.9,Store_2,East,6110,Credit Card
2023-03-31,Printer,15,748.85,Store_3,East,8167,Debit Card
2023-12-18,Laptop,1,130.76,Store_1,West,1612,PayPal
2023-08-13,Headphones,5,338.07,Store_2,South,1687,Cash
2023-08-29,Smartphone,16,1028.06,Store_4,East,4690,Cash
2023-06-12,Laptop,19,123.43,Store_2,East,9804,Debit Card
2023-05-17,Keyboard,4,1278.3,Store_1,South,3307,PayPal
2023-12-05,Laptop,3,747.77,Store_2,North,8133,Cash
2023-01-30,Monitor,17,726.07,Store_4,South,7509,PayPal
2022-03-20,Mouse,17,892.69,Store_4,South,6906,PayPal
2022-08-02,Printer,12,1238.77,Store_2,North,3591,Debit Card
2023-11-18,Smartphone,14,528.24,Store_2,West,8183,Credit Card
2023-08-04,Printer,6,1020.24,Store_4,West,6248,Debit Card
2023-03-23,Smartphone,3,852.94,Store_3,West,9766,Credit Card
2023-04-10,Tablet,9,407.87,Store_2,East,6108,PayPal
2022-09-29,Monitor,5,1319.16,Store_2,South,4604,Credit Card
2023-03-11,Tablet,17,1198.16,Store_5,South,1669,PayPal
2022-09-19,Mouse,14,991.09,Store_3,West,5364,Cash
2023-03-05,Keyboard,3,1277.37,Store_2,East,8329,Cash
2022-04-19,Mouse,1,1302.27,Store_4,South,2283,Cash
2022-05-20,Mouse,1,1065.46,Store_5,South,1923,Debit Card
2022-06-20,Laptop,3,1257.15,Store_1,North,2125,Debit Card
2022-03-19,Laptop,18,1049.23,Store_1,South,2529,PayPal
2023-05-08,Keyboard,10,1023.41,Store_1,West,9438,Cash
2023-09-21,Tablet,3,931.73,Store_1,West,4711,Debit Card
2023-08-12,Tablet,8,1131.55,Store_3,West,9004,Cash
2023-03-12,Monitor,14,246.32,Store_1,South,7274,Debit Card
2022-12-14,Laptop,18,1322.5,Store_5,North,4864,Credit Card
2022-09-17,Headphones,15,1309.05,Store_1,West,8833,Credit Card
2023-09-04,Printer,2,53.58,Store_3,North,7788,Cash
2023-10-09,Tablet,10,1240.47,Store_5,North,1226,PayPal
2022-12-06,Tablet,2,202.02,Store_3,West,1264,Debit Card
2022-12-27,Printer,17,509.33,Store_1,South,1645,Debit Card
2022-03-25,Tablet,8,1117.83,Store_5,East,8544,Credit Card
2023-09-08,Printer,1,249.53,Store_4,East,6569,Credit Card
2023-11-27,Keyboard,9,1228.77,Store_3,North,3990,PayPal
2022-03-17,Tablet,11,1249.88,Store_5,North,3504,PayPal
2023-01-11,Laptop,16,766.13,Store_2,East,1587,PayPal
2022-09-30,Tablet,7,19.51,Store_2,North,5079,Cash
2022-09-14,Smartphone,10,437.69,Store_1,West,4348,Credit Card
2022-02-06,Keyboard,3,929.22,Store_1,East,7299,Cash
2022-04-25,Tablet,18,1471.97,Store_1,South,4831,Credit Card
2022-04-06,Smartphone,13,951.4,Store_3,North,9381,Credit Card
2023-01-13,Smartphone,7,397.11,Store_1,East,2715,Debit Card
2022-03-08,Tablet,4,954.67,Store_1,North,7450,Credit Card
2023-05-13,Monitor,13,814.58,Store_2,South,6433,Credit Card
2022-03-12,Smartphone,1,1171.97,Store_5,West,2098,Cash
2023-10-21,Smartphone,8,169.4,Store_2,South,8096,Credit Card
2022-10-19,Laptop,14,1143.93,Store_5,West,3326,Cash
2023-09-13,Mouse,16,816.49,Store_5,East,7416,PayPal
2023-11-06,Laptop,14,1444.86,Store_3,South,7980,Credit Card
2023-03-01,Laptop,12,519.39,Store_4,East,7763,Credit Card
2022-11-07,Laptop,19,952.61,Store_2,West,2674,Cash
2022-10-17,Printer,15,1398.72,Store_1,East,8950,PayPal
2022-08-31,Headphones,2,162.74,Store_1,North,9915,Debit Card
2023-03-22,Monitor,2,1406.47,Store_2,West,7049,PayPal
2023-09-08,Monitor,19,1034.95,Store_4,East,2089,Cash
2023-01-29,Laptop,17,111.08,Store_5,West,5578,PayPal
2022-09-22,Tablet,10,458.44,Store_1,North,1155,Cash
2023-07-02,Laptop,6,1065.18,Store_5,West,2958,Cash
2022-01-28,Laptop,15,110.35,Store_1,North,7344,Debit Card
2022-08-14,Printer,11,877.43,Store_1,East,6779,Credit Card
2023-08-09,Mouse,5,525.37,Store_2,West,7144,Cash
2022-06-15,Laptop,1,935.16,Store_5,East,6063,Cash
2022-01-21,Mouse,8,78.16,Store_3,East,4830,Debit Card
2023-02-28,Smartphone,12,1308.59,Store_2,West,9831,Cash
2022-10-03,Smartphone,12,1460.5,Store_2,North,7659,Credit Card
2023-05-29,Printer,5,1453.63,Store_5,South,1441,Debit Card
2023-08-05,Printer,7,1126.98,Store_4,East,7040,Credit Card
2023-10-10,Monitor,4,203.83,Store_4,West,6925,Credit Card
2022-09-22,Smartphone,6,1139.81,Store_4,North,8358,Debit Card
2023-04-16,Laptop,13,46.63,Store_5,North,5628,Cash
2023-07-02,Tablet,15,42.96,Store_3,East,7370,Credit Card
2023-08-04,Tablet,3,492.18,Store_1,East,1948,Credit Card
2023-01-11,Smartphone,8,738.08,Store_3,West,9179,Credit Card
2023-11-12,Tablet,16,1157.91,Store_5,North,7115,Credit Card
2023-09-17,Monitor,13,1028.11,Store_2,East,1459,Debit Card
2022-12-24,Printer,18,674.4,Store_3,West,8568,Debit Card
2022-12-29,Tablet,10,417.7,Store_2,East,5646,PayPal
2022-01-05,Keyboard,19,1495.72,Store_1,North,1392,PayPal
2022-06-16,Keyboard,17,645.01,Store_2,East,2787,Credit Card
2022-12-02,Laptop,19,682.57,Store_1,West,8374,Cash
2022-04-02,Printer,5,253.8,Store_5,West,2138,Credit Card
2022-10-16,Smartphone,9,1194.27,Store_3,West,5741,Cash
2023-11-16,Mouse,12,1043.59,Store_1,West,8418,Credit Card
2022-12-16,Printer,1,338.95,Store_5,West,7362,PayPal
2022-03-20,Smartphone,1,132.75,Store_4,East,3454,PayPal
2022-11-24,Smartphone,15,1023.94,Store_3,South,4674,Cash
2022-02-16,Printer,2,985.22,Store_1,West,2377,Credit Card
2022-01-29,Printer,16,417.16,Store_1,East,7701,Cash
2023-10-20,Monitor,8,1426.79,Store_1,West,3597,PayPal
2023-08-28,Printer,13,235.08,Store_2,South,1141,Credit Card
2022-10-19,Headphones,1,654.18,Store_1,South,3659,Credit Card
2023-01-28,Tablet,16,1415.99,Store_3,East,5596,Cash
2022-06-02,Printer,7,635.39,Store_3,East,6661,Debit Card
2022-09-15,Printer,5,961.4,Store_2,North,7142,Cash
2023-06-23,Keyboard,3,602.42,Store_3,North,6626,PayPal
2023-04-14,Keyboard,12,418.58,Store_4,North,9787,PayPal
2023-01-21,Laptop,16,1476.13,Store_4,North,9472,PayPal
2022-03-19,Headphones,19,619.91,Store_4,East,1423,PayPal
2022-10-11,Mouse,5,1342.21,Store_2,South,7999,PayPal
2022-07-12,Monitor,14,352.63,Store_2,South,5249,Debit Card
2022-03-12,Smartphone,5,327.53,Store_1,North,2750,Credit Card
2023-07-17,Keyboard,15,56.39,Store_3,West,5757,Cash
2022-07-20,Tablet,17,980.98,Store_2,North,2967,Cash
2023-04-16,Printer,14,559.1,Store_2,West,5088,PayPal
2022-08-21,Keyboard,5,1297.89,Store_3,North,5178,Cash
2022-04-10,Laptop,12,715.08,Store_5,East,8789,PayPal
2023-02-07,Smartphone,16,1452.61,Store_5,East,3946,Debit Card
2023-06-23,Laptop,16,286.43,Store_5,West,6394,Debit Card
2023-03-23,Tablet,7,1304.25,Store_5,East,8880,Credit Card
2022-07-25,Mouse,4,1167.13,Store_1,North,6075,Debit Card
2023-07-24,Printer,1,1158.67,Store_5,East,8230,Debit Card
2022-04-15,Tablet,5,1268.73,Store_3,North,2531,Credit Card
2022-09-13,Laptop,10,1143.93,Store_5,North,3990,Cash
2023-01-06,Laptop,5,943.07,Store_2,South,8155,PayPal
2023-05-29,Smartphone,4,205.55,Store_4,East,5493,PayPal
2022-04-28,Smartphone,2,58.46,Store_4,West,1933,Cash
2023-02-21,Smartphone,10,1382.06,Store_1,South,2460,Credit Card
2023-03-17,Tablet,19,928.81,Store_4,North,3723,Cash
2022-08-05,Monitor,1,1196.84,Store_4,North,1285,Debit Card
2023-01-20,Mouse,5,727.47,Store_4,North,1264,Credit Card
2023-02-16,Keyboard,13,184.79,Store_3,West,7816,Credit Card
2023-10-19,Tablet,4,196.53,Store_5,West,2762,Credit Card
2023-08-18,Monitor,16,1031.49,Store_4,South,1040,PayPal
2022-12-29,Smartphone,16,651.16,Store_5,East,6827,Cash
2023-04-24,Headphones,2,308.78,Store_5,West,9259,Credit Card
2023-03-24,Headphones,17,742.48,Store_4,South,1987,Credit Card
2023-08-02,Monitor,12,105.67,Store_5,East,8804,Credit Card
2023-05-08,Smartphone,18,877.14,Store_3,North,8789,Cash
2022-05-27,Tablet,3,410.8,Store_4,West,6717,PayPal
2022-06-21,Laptop,1,1198.36,Store_3,North,4198,Debit Card
2022-09-09,Keyboard,1,472.44,Store_3,East,6374,PayPal
2022-10-07,Monitor,19,688.28,Store_2,North,5790,Credit Card
2023-11-16,Printer,11,27.31,Store_4,North,8183,PayPal
2022-05-10,Mouse,5,117.95,Store_5,West,3524,PayPal
2023-08-02,Smartphone,12,594.82,Store_2,West,3479,Debit Card
2023-07-11,Smartphone,3,725.11,Store_4,North,6154,Cash
2023-01-02,Tablet,1,904.03,Store_1,East,1778,Cash
2022-04-15,Monitor,1,444.58,Store_3,South,2492,PayPal
2023-09-05,Monitor,8,1045.52,Store_5,North,1660,PayPal
2022-08-17,Monitor,10,1291.58,Store_1,North,2348,Cash
2023-12-27,Headphones,11,1171.98,Store_5,North,8851,Cash
2023-09-18,Tablet,12,69.03,Store_3,West,8156,Debit Card
2023-11-30,Headphones,13,725.96,Store_3,South,3044,Credit Card
2022-09-18,Monitor,12,166.35,Store_5,West,8368,PayPal
2022-12-04,Mouse,14,370.65,Store_4,West,4516,Cash
2022-08-31,Laptop,2,1480.13,Store_4,West,5577,PayPal
2022-09-26,Printer,19,222.32,Store_2,South,1727,PayPal
2023-12-08,Tablet,18,753.34,Store_3,West,8468,Cash
2022-10-26,Smartphone,3,931.05,Store_3,South,1342,Debit Card
2022-12-17,Tablet,17,1056.67,Store_1,West,2447,PayPal
2022-03-01,Smartphone,8,843.88,Store_1,South,7581,Debit Card
2022-10-07,Tablet,10,24.56,Store_5,West,7317,Cash
2022-06-01,Headphones,2,496.43,Store_2,West,1526,Credit Card
2023-02-01,Tablet,19,781.39,Store_1,North,7748,Credit Card
2022-09-30,Printer,9,140.92,Store_3,North,1405,PayPal
2023-02-18,Keyboard,7,532.43,Store_1,North,8986,Cash
2023-04-17,Monitor,4,59.47,Store_2,South,4740,Debit Card
2023-05-10,Tablet,18,127.08,Store_5,West,2846,PayPal
2023-10-13,Printer,13,601.42,Store_3,East,2478,Cash
2023-09-22,Laptop,11,207.75,Store_1,South,1771,Cash
2023-02-06,Printer,4,855.64,Store_3,East,6525,Debit Card
2023-12-23,Printer,4,1037.3,Store_5,North,9770,PayPal
2022-06-10,Tablet,10,1202.87,Store_5,West,1193,Cash
2022-01-16,Smartphone,5,308.22,Store_5,East,3007,Cash
2022-01-06,Tablet,9,259.55,Store_5,South,2185,Cash
2022-08-27,Headphones,3,165.81,Store_4,East,3394,Debit Card
2023-03-02,Monitor,17,958.28,Store_1,North,5005,PayPal
2023-11-17,Smartphone,3,1062.65,Store_2,West,8429,PayPal
2023-12-07,Monitor,16,57.06,Store_4,East,3261,PayPal
2023-07-23,Smartphone,4,1404.96,Store_5,East,4736,PayPal
2023-08-11,Mouse,18,87.44,Store_4,West,7716,Credit Card
2023-08-30,Headphones,17,816.53,Store_5,East,5875,Credit Card
2022-04-18,Keyboard,7,1066.5,Store_4,West,9921,PayPal
2023-07-04,Laptop,5,1307.74,Store_3,West,5378,Debit Card
2022-05-30,Tablet,12,1073.99,Store_1,South,8815,Credit Card
2023-11-16,Mouse,17,1204.57,Store_5,East,4451,Cash
2022-08-10,Laptop,13,515.78,Store_2,North,8616,Credit Card
2022-08-12,Headphones,3,1224.09,Store_3,East,3800,Cash
2022-02-13,Monitor,9,129.37,Store_1,East,9333,PayPal
2022-11-18,Printer,17,1343.28,Store_2,South,6410,Credit Card
2022-10-10,Mouse,17,825.91,Store_2,South,2455,Debit Card
2023-06-07,Smartphone,16,1227.77,Store_4,West,7892,Credit Card
2022-03-22,Tablet,13,683.95,Store_4,South,6808,Credit Card
2022-10-15,Tablet,19,968.93,Store_5,East,7796,Credit Card
2022-06-06,Smartphone,17,794.34,Store_5,East,5796,PayPal
2023-11-12,Laptop,4,1100.07,Store_3,East,6093,Debit Card
2023-01-01,Smartphone,12,131.63,Store_3,West,2325,Credit Card
2022-12-09,Monitor,9,99.92,Store_1,East,5976,Debit Card
2023-08-19,Monitor,19,378.18,Store_1,South,2159,PayPal
2023-05-03,Headphones,12,247.72,Store_1,South,5650,Cash
2023-10-03,Printer,9,1308.96,Store_1,South,5987,Credit Card
2022-12-01,Mouse,7,336.63,Store_5,North,5697,Debit Card
2022-12-18,Mouse,14,1464.04,Store_3,South,1340,Debit Card
2023-10-02,Keyboard,19,511.97,Store_2,South,4828,PayPal
2023-07-27,Mouse,15,281.36,Store_1,West,2968,Credit Card
2023-06-03,Keyboard,16,1186.65,Store_5,North,1703,Cash
2023-07-15,Monitor,5,991.47,Store_3,West,6482,Debit Card
2022-06-05,Tablet,3,752.31,Store_3,West,7376,Credit Card
2022-10-02,Monitor,12,837.49,Store_1,West,2800,Cash
2022-08-04,Smartphone,4,1081.61,Store_4,South,6463,Debit Card
2023-06-28,Headphones,16,350.4,Store_3,South,5912,Debit Card
2022-10-05,Laptop,7,1494.54,Store_2,East,5648,Cash
2022-06-24,Keyboard,13,1462.44,Store_1,East,1855,Cash
2022-10-16,Monitor,10,978.99,Store_5,East,3866,PayPal
2023-10-25,Laptop,7,307.32,Store_4,West,1182,Credit Card
2023-02-06,Keyboard,14,1023.54,Store_5,West,4112,Credit Card
2022-11-10,Smartphone,5,117.58,Store_4,North,6670,PayPal
2022-02-03,Monitor,3,55.67,Store_1,West,5492,Debit Card
2023-11-25,Monitor,11,393.95,Store_4,North,6823,Cash
2022-01-25,Smartphone,11,699.31,Store_1,South,2517,Cash
2022-08-27,Printer,18,1303.73,Store_3,South,6002,Cash
2022-06-13,Headphones,15,1093.48,Store_1,West,2356,Debit Card
2023-04-19,Tablet,12,1116.63,Store_1,East,4629,Cash
2023-01-13,Laptop,9,643.99,Store_1,West,4628,Cash
2022-11-19,Monitor,10,525.44,Store_5,South,9210,PayPal
2022-03-11,Monitor,12,562.85,Store_1,East,7132,Debit Card
2023-09-05,Laptop,17,1481.6,Store_5,East,7588,Credit Card
2022-05-03,Smartphone,6,69.76,Store_1,East,4311,PayPal
2022-04-20,Monitor,7,1301.88,Store_1,South,7048,PayPal
2022-05-29,Printer,14,872.23,Store_1,West,7246,Credit Card
2022-01-07,Smartphone,13,663.54,Store_2,South,1987,PayPal
2023-10-19,Keyboard,8,1090.63,Store_2,West,4321,Debit Card
2022-02-21,Tablet,10,735.14,Store_2,North,5615,Cash
2023-06-21,Keyboard,9,1311.4,Store_4,West,9365,Debit Card
2022-06-28,Headphones,18,1352.05,Store_3,West,4741,Credit Card
2023-04-12,Laptop,2,638.36,Store_4,West,4052,Credit Card
2023-06-05,Tablet,5,422.47,Store_3,East,7574,PayPal
2022-09-12,Headphones,5,892.6,Store_2,West,1726,Debit Card
2023-06-21,Headphones,6,1369.42,Store_1,South,4760,Debit Card
2022-10-16,Keyboard,19,323.89,Store_4,West,6806,Credit Card
2022-06-04,Keyboard,8,938.22,Store_1,East,2875,Debit Card
2023-05-21,Tablet,16,951.02,Store_2,North,7993,Credit Card
2023-06-30,Keyboard,13,1102.34,Store_1,East,5033,Debit Card
2023-11-04,Keyboard,1,206.04,Store_4,East,6443,Debit Card
2022-02-19,Keyboard,17,1076.58,Store_1,South,1989,Debit Card
2023-03-30,Tablet,7,1364.46,Store_2,East,4744,Credit Card
2023-10-02,Tablet,13,277.73,Store_4,West,9611,PayPal
2022-01-13,Printer,4,363.94,Store_1,West,1593,Debit Card
2023-04-19,Keyboard,4,1457.38,Store_2,East,2774,Credit Card
2022-11-06,Tablet,6,279.66,Store_5,East,1935,Credit Card
2022-11-20,Laptop,19,1283.03,Store_3,East,4808,Debit Card
2023-07-19,Laptop,12,743.49,Store_2,East,1331,Debit Card
2023-11-11,Monitor,7,378.37,Store_2,East,8922,PayPal
2023-06-10,Monitor,10,1307.42,Store_2,East,3702,Credit Card
2023-02-20,Tablet,19,673.5,Store_2,North,6889,Credit Card
2022-01-27,Monitor,7,777.08,Store_4,West,6054,Cash
2022-12-30,Smartphone,3,545.26,Store_2,South,4868,Credit Card
2023-10-02,Keyboard,13,893.5,Store_5,South,5200,PayPal
2022-12-14,Monitor,13,253.65,Store_2,South,1201,Cash
2022-06-17,Keyboard,18,592.71,Store_3,South,3497,Cash
2023-12-20,Printer,8,1454.42,Store_2,West,2842,Cash
2022-10-28,Smartphone,9,394.62,Store_5,North,5658,Debit Card
2022-09-12,Mouse,7,988.54,Store_3,East,8544,Debit Card
2023-09-11,Keyboard,1,494.53,Store_5,North,8718,Credit Card
2023-05-09,Keyboard,3,1162.47,Store_5,North,1770,Cash
2022-10-04,Tablet,13,205.0,Store_5,West,4155,PayPal
2023-07-19,Headphones,17,1455.03,Store_1,South,2628,Debit Card
2022-06-28,Smartphone,1,686.15,Store_5,North,1386,PayPal
2023-05-06,Headphones,6,361.72,Store_5,West,7031,PayPal
2022-09-29,Keyboard,6,119.51,Store_3,West,7439,Debit Card
2023-08-30,Smartphone,12,262.94,Store_4,South,7401,Debit Card
2023-08-31,Keyboard,13,784.46,Store_1,East,5008,Debit Card
2023-11-16,Mouse,13,512.13,Store_1,West,3466,Debit Card
2022-07-25,Printer,15,1245.04,Store_2,East,3282,Cash
2022-10-27,Headphones,16,652.02,Store_3,North,2856,Cash
2022-08-31,Smartphone,11,380.58,Store_4,East,8980,Cash
2023-10-26,Monitor,5,929.55,Store_4,West,2998,Cash
2023-11-02,Smartphone,4,1063.1,Store_4,South,6476,Credit Card
2022-03-03,Laptop,3,258.89,Store_1,East,5669,Cash
2023-08-22,Tablet,19,259.75,Store_1,North,5318,Debit Card
2022-11-05,Keyboard,18,64.64,Store_5,South,8064,PayPal
2022-10-27,Laptop,15,1107.24,Store_5,North,8446,Cash
2023-07-31,Smartphone,9,999.07,Store_2,South,2431,Credit Card
2023-07-25,Smartphone,17,717.2,Store_5,North,6624,Debit Card
2023-12-31,Mouse,14,1267.81,Store_3,East,8461,PayPal
2022-06-07,Laptop,15,1210.45,Store_2,East,2819,PayPal
2022-12-07,Headphones,1,882.18,Store_3,South,2130,Cash
2023-11-29,Printer,3,1303.72,Store_1,East,7563,PayPal
2023-07-08,Smartphone,16,316.7,Store_4,East,3658,Cash
2022-11-14,Monitor,11,176.76,Store_3,South,4500,Cash
2022-05-25,Headphones,12,411.93,Store_5,South,9566,Debit Card
2023-06-26,Laptop,10,95.06,Store_2,East,3120,Debit Card
2023-09-11,Smartphone,16,801.44,Store_3,South,5020,Credit Card
2022-08-12,Smartphone,8,1405.54,Store_3,West,4259,Debit Card
2023-03-19,Headphones,6,68.62,Store_5,West,2823,Debit Card
2023-07-13,Smartphone,12,191.94,Store_1,North,2474,Cash
2023-12-20,Tablet,8,683.78,Store_3,West,3242,Debit Card
2022-03-04,Monitor,4,1401.47,Store_3,East,4243,Cash
2023-07-12,Monitor,8,481.07,Store_3,East,7990,Cash
2023-07-03,Laptop,18,765.78,Store_5,North,6160,Debit Card
2022-03-29,Keyboard,5,71.94,Store_1,South,4134,Credit Card
2023-12-02,Headphones,9,231.03,Store_4,East,3070,Credit Card
2023-04-04,Laptop,4,1480.08,Store_5,West,1359,PayPal
2022-03-07,Laptop,17,1448.03,Store_2,North,2141,PayPal
2022-10-18,Smartphone,9,17.36,Store_1,South,2635,Debit Card
2022-12-08,Smartphone,1,1428.2,Store_5,East,5000,Credit Card
2022-11-08,Keyboard,13,962.29,Store_1,West,4361,Cash
2022-11-17,Smartphone,16,1303.2,Store_4,North,7583,PayPal
2022-01-07,Laptop,13,687.56,Store_5,West,8835,Cash
2022-11-03,Smartphone,14,778.24,Store_3,North,1006,PayPal
2022-10-10,Mouse,3,738.38,Store_2,East,4267,Debit Card
2023-09-02,Tablet,6,1003.63,Store_3,East,7564,Credit Card
2022-11-07,Keyboard,18,218.08,Store_5,East,5928,PayPal
2022-06-29,Smartphone,19,54.66,Store_4,South,3606,Credit Card
2022-10-30,Laptop,5,468.82,Store_1,West,6906,Cash
2023-06-29,Printer,15,1059.97,Store_1,East,4273,Debit Card
2022-10-07,Headphones,2,310.76,Store_3,South,8611,Credit Card
2022-06-20,Keyboard,10,1013.41,Store_3,East,1913,Debit Card
2023-11-07,Laptop,18,1455.17,Store_4,West,3011,Credit Card
2023-06-28,Tablet,13,149.91,Store_5,South,2442,Cash
2022-04-07,Monitor,5,1012.18,Store_3,East,6546,Cash
2022-09-30,Monitor,1,671.19,Store_2,South,2829,Debit Card
2022-08-11,Keyboard,1,1303.53,Store_5,South,9767,Cash
2022-04-03,Tablet,18,273.95,Store_3,West,7468,PayPal
2023-11-04,Monitor,15,1042.01,Store_1,West,1929,Credit Card
2022-04-11,Mouse,17,1258.79,Store_5,North,4699,Cash
2022-10-19,Smartphone,11,1417.48,Store_1,North,2054,PayPal
2022-05-14,Headphones,17,1028.04,Store_2,North,6744,Debit Card
2022-01-05,Smartphone,13,750.79,Store_2,North,2900,PayPal
2023-03-20,Printer,1,930.59,Store_1,West,7980,Debit Card
2023-09-04,Monitor,2,1304.67,Store_2,East,8069,Debit Card
2022-08-31,Headphones,9,860.21,Store_5,West,4415,Credit Card
2023-12-03,Keyboard,3,55.28,Store_2,South,1442,Credit Card
2023-04-07,Printer,1,1397.11,Store_3,West,7218,PayPal
2023-05-25,Printer,16,1037.39,Store_2,West,5652,Credit Card
2023-01-16,Laptop,6,1018.0,Store_5,West,8939,Credit Card
2023-02-02,Laptop,17,331.36,Store_5,West,8833,Credit Card
2023-07-14,Monitor,5,991.74,Store_2,West,8597,PayPal
2023-10-22,Keyboard,5,596.86,Store_2,South,5458,Cash
2023-09-16,Monitor,6,980.34,Store_4,North,7591,Credit Card
2022-02-24,Laptop,3,168.82,Store_5,East,3309,Credit Card
2023-08-18,Laptop,5,990.19,Store_1,North,7268,PayPal
2023-03-15,Laptop,5,1499.13,Store_1,South,1910,Cash
2023-04-18,Keyboard,10,81.84,Store_5,North,5340,Credit Card
2023-06-26,Monitor,10,1465.99,Store_2,South,5009,Debit Card
2022-04-02,Smartphone,19,616.29,Store_4,South,7628,PayPal
2023-05-27,Laptop,17,1307.42,Store_5,West,3169,Credit Card
2023-11-30,Mouse,14,1175.75,Store_1,East,3172,Credit Card
2023-01-30,Tablet,9,854.85,Store_4,East,6668,Debit Card
2023-05-19,Laptop,14,1110.29,Store_3,East,7313,Debit Card
2022-11-25,Mouse,1,1318.99,Store_4,East,9315,PayPal
2022-12-09,Tablet,19,612.17,Store_5,South,9036,PayPal
2023-05-24,Smartphone,13,497.28,Store_3,West,7789,Debit Card
2023-08-23,Smartphone,13,1004.71,Store_5,West,1785,PayPal
2022-10-18,Printer,4,1213.69,Store_3,South,7139,Debit Card
2022-01-01,Smartphone,1,1145.8,Store_1,West,7344,Credit Card
2023-08-28,Headphones,17,1198.74,Store_4,North,3416,Debit Card
2023-07-28,Laptop,8,659.02,Store_5,East,9988,Debit Card
2022-03-08,Laptop,2,1228.57,Store_5,East,5154,Cash
2022-08-14,Tablet,8,189.11,Store_5,West,6619,Debit Card
2022-02-15,Printer,7,821.29,Store_4,East,2936,Debit Card
2023-02-14,Printer,2,18.58,Store_2,South,4807,Cash
2023-12-09,Tablet,3,493.63,Store_1,West,8151,PayPal
2022-02-27,Smartphone,18,556.03,Store_2,East,4236,Cash
2022-07-05,Laptop,12,600.3,Store_2,South,3352,Credit Card
2022-07-20,Printer,1,1046.25,Store_2,North,2932,Cash
2023-09-01,Mouse,12,588.95,Store_1,North,9556,Credit Card
2022-07-23,Headphones,5,678.55,Store_4,North,5916,PayPal
2022-10-24,Keyboard,17,363.94,Store_4,North,6498,Cash
2022-01-07,Printer,16,566.15,Store_1,West,1946,Cash
2023-01-16,Keyboard,15,348.63,Store_3,West,2439,PayPal
2023-03-04,Keyboard,15,119.06,Store_2,South,8730,Credit Card
2023-10-03,Smartphone,5,909.14,Store_4,South,5857,Cash
2023-06-29,Mouse,14,1005.64,Store_2,West,1340,Credit Card
2023-11-23,Keyboard,2,933.04,Store_3,West,1382,Cash
2023-01-13,Tablet,11,700.61,Store_4,North,9491,Debit Card
2023-04-11,Keyboard,19,575.88,Store_5,North,1138,Cash
2023-06-21,Headphones,7,1296.37,Store_5,East,1358,PayPal
2022-07-09,Laptop,6,783.43,Store_5,North,5931,PayPal
2023-08-06,Monitor,2,723.98,Store_5,North,4456,Credit Card
2022-12-27,Mouse,6,48.21,Store_1,West,2627,Cash
2022-03-21,Headphones,18,518.46,Store_2,East,7626,Credit Card
2023-01-09,Mouse,2,576.49,Store_4,South,6004,Credit Card
2022-04-09,Keyboard,18,604.25,Store_5,South,7652,Debit Card
2022-06-07,Headphones,15,874.46,Store_1,North,7416,Debit Card
2023-02-07,Mouse,19,805.07,Store_4,East,4170,PayPal
2022-09-02,Keyboard,2,915.78,Store_3,West,4835,Credit Card
2022-11-14,Mouse,6,1149.68,Store_3,North,9017,PayPal
2022-01-27,Laptop,1,1221.35,Store_4,East,3151,Cash
2022-01-25,Mouse,15,1080.0,Store_2,East,7905,Credit Card
2022-03-14,Printer,10,1433.73,Store_2,West,3834,Credit Card
2023-08-26,Tablet,19,37.17,Store_2,West,3567,Cash
2023-06-28,Keyboard,17,301.71,Store_3,South,2307,Cash
2022-08-31,Printer,5,21.27,Store_5,East,9848,PayPal
2022-08-16,Printer,4,974.74,Store_5,East,3660,PayPal
2022-08-11,Headphones,10,1348.07,Store_2,North,4730,Cash
2023-03-16,Keyboard,17,372.79,Store_3,North,7207,PayPal
2022-07-29,Printer,10,1391.28,Store_3,South,4162,Cash
2023-10-05,Mouse,17,99.8,Store_4,West,2140,Credit Card
2023-11-23,Monitor,5,1402.31,Store_1,North,9458,Credit Card
2022-12-19,Printer,2,533.92,Store_5,East,2708,Debit Card
2022-04-11,Smartphone,6,161.12,Store_2,North,4630,Credit Card
2022-05-02,Smartphone,2,733.95,Store_5,North,4211,Cash
2023-06-09,Headphones,13,392.6,Store_1,West,7538,PayPal
2023-12-14,Headphones,11,434.46,Store_4,East,1475,Debit Card
2022-10-24,Keyboard,11,467.86,Store_4,North,8684,PayPal
2022-01-30,Keyboard,16,1206.51,Store_3,West,2207,Cash
2023-06-07,Headphones,11,813.35,Store_5,East,2960,Credit Card
2022-12-31,Tablet,19,473.85,Store_2,North,1557,Debit Card
2023-04-09,Tablet,15,919.4,Store_3,West,1882,Cash
2023-08-17,Smartphone,16,1077.06,Store_3,West,5761,Debit Card
2022-01-04,Tablet,11,416.21,Store_1,North,6867,Debit Card
2023-07-23,Smartphone,16,626.19,Store_2,East,7963,Credit Card
2022-11-17,Tablet,8,191.61,Store_5,South,8166,Cash
2023-01-02,Smartphone,4,279.91,Store_1,West,8929,PayPal
2023-08-20,Monitor,8,1024.87,Store_1,East,6347,Debit Card
2022-04-27,Smartphone,4,280.34,Store_1,West,8269,Debit Card
2022-07-01,Smartphone,3,792.49,Store_1,East,9125,PayPal
2022-10-16,Mouse,3,1066.48,Store_5,West,3454,Cash
2022-05-02,Mouse,18,169.25,Store_5,West,5494,Debit Card
2022-09-04,Laptop,19,855.3,Store_1,West,2946,Debit Card
2022-03-12,Tablet,19,392.28,Store_1,North,3808,Debit Card
2022-06-17,Mouse,5,1444.76,Store_1,West,7642,Cash
2022-09-24,Monitor,18,730.48,Store_5,South,4825,Cash
2022-10-31,Headphones,10,1210.93,Store_3,North,4536,PayPal
2023-05-20,Laptop,6,829.84,Store_5,West,7068,Cash
2023-09-05,Mouse,1,74.68,Store_2,South,4802,Cash
2022-12-12,Mouse,5,953.4,Store_3,East,5699,Credit Card
2023-01-28,Smartphone,9,1427.59,Store_3,South,2970,PayPal
2023-02-20,Tablet,12,906.4,Store_1,South,6806,Debit Card
2022-02-05,Laptop,14,1230.59,Store_4,South,7142,Cash
2022-08-27,Keyboard,2,1327.47,Store_4,West,3819,Debit Card
2022-08-25,Headphones,17,349.84,Store_1,North,1364,Debit Card
2023-10-23,Tablet,14,325.95,Store_5,North,5258,Credit Card
2022-12-27,Smartphone,13,920.36,Store_3,West,4119,Cash
2023-05-04,Monitor,9,622.43,Store_1,South,2863,PayPal
2023-08-29,Mouse,15,1261.39,Store_5,West,1115,Cash
2023-06-09,Printer,15,1351.03,Store_1,East,8084,Debit Card
2022-02-14,Keyboard,11,536.6,Store_3,East,9016,PayPal
2022-10-03,Printer,16,362.94,Store_1,West,3384,Cash
2022-05-13,Printer,17,1172.98,Store_3,North,4935,Debit Card
2022-09-03,Laptop,4,419.46,Store_2,North,8742,Debit Card
2022-01-29,Printer,1,1235.7,Store_1,West,6442,Credit Card
2022-04-10,Laptop,8,641.37,Store_5,North,3490,Credit Card
2023-08-04,Monitor,17,1004.65,Store_2,East,7980,Credit Card
2022-04-03,Mouse,3,152.35,Store_3,East,8661,Debit Card
2023-10-07,Headphones,15,939.55,Store_4,South,2724,Cash
2023-04-27,Laptop,15,683.13,Store_3,West,9182,Credit Card
2022-03-09,Keyboard,14,884.05,Store_3,West,3767,Cash
2023-03-07,Tablet,14,260.34,Store_1,South,2137,Credit Card
2023-10-12,Keyboard,2,1107.94,Store_4,West,5117,PayPal
2023-07-25,Monitor,13,1295.57,Store_4,North,4420,PayPal
2022-12-30,Smartphone,14,332.94,Store_5,West,6845,Credit Card
2022-07-18,Tablet,19,152.61,Store_3,North,5778,Debit Card
2023-12-22,Smartphone,7,45.22,Store_1,North,4906,Credit Card
2022-06-27,Tablet,3,966.54,Store_3,South,4637,Credit Card
2022-12-07,Laptop,15,914.57,Store_2,East,3953,Debit Card
2022-11-29,Headphones,14,824.58,Store_1,South,6929,PayPal
2022-04-27,Smartphone,11,355.6,Store_2,East,1276,Cash
2023-08-17,Keyboard,15,592.45,Store_3,East,2999,Credit Card
2022-08-24,Tablet,13,895.77,Store_3,North,2227,Debit Card
2023-11-06,Mouse,18,750.18,Store_1,North,7337,Credit Card
2022-12-23,Tablet,6,1481.8,Store_4,South,4735,Debit Card
2022-06-21,Tablet,3,213.3,Store_1,West,1695,Cash
2022-03-28,Smartphone,19,1045.77,Store_5,East,5152,Cash
2022-07-30,Keyboard,15,612.43,Store_4,North,8901,PayPal
2023-11-24,Laptop,5,648.02,Store_4,East,8470,Debit Card
2022-05-02,Printer,10,1079.22,Store_2,South,8537,Debit Card
2023-01-16,Mouse,7,1041.73,Store_3,East,3841,PayPal
2022-07-30,Headphones,17,1486.97,Store_2,West,5208,PayPal
2023-03-09,Printer,7,201.31,Store_5,West,9733,Debit Card
2023-04-23,Laptop,12,165.12,Store_3,North,2088,PayPal
2022-12-20,Printer,17,1089.26,Store_5,East,4363,Cash
2022-09-28,Printer,13,871.8,Store_3,North,1024,Credit Card
2023-12-11,Smartphone,4,418.5,Store_1,West,7144,Cash
2022-03-19,Headphones,10,128.33,Store_1,North,6668,PayPal
2023-05-16,Monitor,3,137.63,Store_1,North,5236,Debit Card
2023-01-26,Printer,9,1342.34,Store_1,South,9068,Debit Card
2023-07-06,Laptop,13,295.88,Store_2,West,3235,Cash
2023-05-17,Keyboard,18,491.82,Store_3,West,8295,Debit Card
2023-02-10,Monitor,15,347.72,Store_5,North,9392,PayPal
2022-11-22,Headphones,4,538.94,Store_2,South,9448,Cash
2022-06-05,Tablet,15,113.44,Store_3,East,4747,Debit Card
2022-11-22,Headphones,2,783.4,Store_2,East,4175,Credit Card
2022-01-18,Printer,15,110.74,Store_1,West,5897,Credit Card
2023-02-10,Tablet,8,1202.53,Store_2,South,6037,PayPal
2022-08-25,Tablet,8,358.23,Store_3,West,8427,Debit Card
2022-05-08,Keyboard,17,814.62,Store_4,East,9605,PayPal
2023-05-07,Keyboard,12,1321.32,Store_4,South,3014,Cash
2022-01-01,Headphones,19,979.81,Store_1,East,2381,Credit Card
2022-10-04,Tablet,10,804.11,Store_2,East,2098,Cash
2022-04-15,Mouse,9,493.26,Store_4,South,4426,Debit Card
2022-10-21,Smartphone,5,506.17,Store_5,East,4655,PayPal
2022-08-17,Laptop,6,1007.54,Store_4,West,8938,PayPal
2022-03-17,Tablet,2,1491.27,Store_2,East,1187,PayPal
2022-01-05,Smartphone,13,996.14,Store_5,West,6409,Cash
2022-06-01,Laptop,6,841.1,Store_4,East,3092,Credit Card
2023-03-09,Tablet,5,1098.67,Store_3,South,3130,Cash
2022-07-20,Smartphone,1,703.16,Store_5,South,6242,Cash
2022-12-02,Tablet,6,99.61,Store_2,North,9549,Debit Card
2022-03-30,Monitor,6,847.82,Store_1,South,6647,Debit Card
2023-10-12,Laptop,16,1436.86,Store_3,South,6185,Debit Card
2023-02-03,Printer,4,271.2,Store_5,West,6776,Credit Card
2022-03-24,Headphones,11,1038.11,Store_4,South,8913,Credit Card
2022-05-24,Keyboard,9,309.39,Store_2,West,8547,Debit Card
2023-06-15,Tablet,3,808.38,Store_1,West,8823,Debit Card
2023-01-01,Smartphone,19,154.05,Store_3,North,8355,Credit Card
2022-07-22,Headphones,8,681.05,Store_2,North,7465,PayPal
2023-02-27,Monitor,5,1136.68,Store_3,North,2497,Credit Card
2023-11-25,Smartphone,4,527.88,Store_3,South,3555,Credit Card
2023-05-20,Laptop,6,1000.72,Store_4,West,6409,Credit Card
2023-04-20,Tablet,2,1195.22,Store_2,South,3951,Debit Card
2023-01-11,Laptop,11,1391.49,Store_5,West,2238,PayPal
2023-04-30,Smartphone,4,359.62,Store_3,East,5727,Credit Card
2022-05-22,Keyboard,15,604.98,Store_5,South,4965,Debit Card
2023-02-15,Smartphone,6,237.1,Store_1,West,6686,Cash
2022-12-09,Tablet,17,1488.8,Store_2,North,4701,Cash
2023-07-17,Tablet,6,1391.23,Store_4,South,3780,Credit Card
2022-05-02,Laptop,19,814.54,Store_5,North,8398,Cash
2023-03-22,Monitor,2,1264.63,Store_2,East,2588,PayPal
2023-11-15,Tablet,15,786.23,Store_3,West,3368,Cash
2023-12-17,Keyboard,11,939.14,Store_5,West,6789,Cash
2023-04-05,Keyboard,8,142.8,Store_5,North,1436,PayPal
2023-11-14,Printer,19,1135.35,Store_2,North,3828,Credit Card
2022-07-25,Headphones,13,200.29,Store_1,South,2556,Credit Card
2023-07-22,Mouse,12,1240.84,Store_5,East,8570,PayPal
2022-08-12,Keyboard,5,1175.22,Store_1,East,8480,PayPal
2022-07-23,Keyboard,6,1066.03,Store_5,South,1182,PayPal
2022-06-19,Tablet,4,63.88,Store_2,South,8190,Cash
2023-09-26,Monitor,19,461.66,Store_4,South,7687,PayPal
2022-02-03,Monitor,1,402.04,Store_5,South,6565,Debit Card
2022-06-06,Printer,17,546.6,Store_5,South,8241,Cash
2022-09-27,Headphones,12,140.59,Store_1,East,8651,Credit Card
2023-11-05,Monitor,15,1406.07,Store_4,South,6575,Credit Card
2023-02-20,Headphones,1,835.17,Store_3,South,2589,Credit Card
2022-05-05,Mouse,14,465.23,Store_2,East,9851,Cash
2022-09-10,Keyboard,6,601.5,Store_2,West,1159,Debit Card
2022-10-20,Smartphone,5,676.33,Store_3,North,7555,PayPal
2022-07-05,Printer,11,904.89,Store_5,East,9244,PayPal
2022-10-25,Laptop,4,778.36,Store_1,South,7846,Credit Card
2023-07-16,Smartphone,13,1379.89,Store_1,North,3307,Credit Card
2022-07-31,Smartphone,11,750.48,Store_1,East,2228,Cash
2023-06-27,Printer,3,1488.32,Store_3,North,8226,Debit Card
2022-01-19,Keyboard,1,1278.62,Store_3,East,6590,PayPal
2022-02-16,Keyboard,6,320.68,Store_1,East,7919,Cash
2023-04-07,Keyboard,18,1396.59,Store_3,South,6585,PayPal
2022-04-20,Laptop,10,183.39,Store_1,West,7046,Credit Card
2022-12-10,Tablet,5,1228.0,Store_1,South,5945,PayPal
2023-06-17,Smartphone,10,577.13,Store_1,West,8927,Debit Card
2023-01-18,Tablet,12,1318.18,Store_4,West,8016,Debit Card
2022-11-19,Laptop,2,1303.4,Store_4,South,8758,Credit Card
2023-03-27,Monitor,13,1210.83,Store_1,East,6086,Debit Card
2023-05-21,Headphones,8,1187.15,Store_4,South,8161,Debit Card
2022-02-06,Laptop,2,463.97,Store_3,West,2884,Cash
2022-09-20,Smartphone,1,130.57,Store_2,West,2809,PayPal
2023-03-06,Mouse,5,610.44,Store_4,South,4167,Credit Card
2023-07-07,Laptop,9,268.55,Store_4,North,7352,Credit Card
2022-06-30,Laptop,17,1045.48,Store_1,North,7056,Credit Card
2022-08-22,Keyboard,9,525.69,Store_3,South,3437,Credit Card
2022-06-12,Mouse,11,1463.66,Store_2,North,7468,Credit Card
2023-04-15,Smartphone,15,965.05,Store_1,North,6951,Debit Card
2022-03-09,Laptop,6,1235.5,Store_4,East,6276,Cash
2023-06-11,Printer,3,207.46,Store_2,East,9859,Credit Card
2023-01-29,Smartphone,17,1294.4,Store_5,West,8818,Cash
2023-08-05,Laptop,5,1384.91,Store_1,North,5728,Cash
2023-05-27,Printer,12,735.72,Store_2,West,3624,Debit Card
2023-05-16,Monitor,18,913.32,Store_3,South,6738,Credit Card
2023-03-11,Keyboard,14,1149.57,Store_2,South,5232,Debit Card
2023-01-31,Mouse,11,270.51,Store_2,East,6793,Credit Card
2023-01-13,Laptop,9,758.82,Store_2,North,5523,Debit Card
2022-03-07,Smartphone,2,604.01,Store_2,West,6571,Cash
2023-08-05,Keyboard,12,228.1,Store_4,East,3224,Credit Card
2022-08-22,Keyboard,3,557.63,Store_2,South,9389,PayPal
2023-06-29,Printer,3,111.58,Store_3,West,7091,Cash
2022-09-20,Printer,1,48.46,Store_4,South,9662,PayPal
2022-11-04,Laptop,8,211.4,Store_5,North,7361,Cash
2022-08-15,Tablet,8,1445.04,Store_5,East,2948,Debit Card
2022-09-24,Printer,11,828.8,Store_4,South,8094,Credit Card
2023-06-16,Tablet,9,1449.08,Store_2,West,7318,Cash
2023-06-08,Monitor,5,654.42,Store_3,West,4796,Debit Card
2023-01-18,Laptop,14,474.61,Store_4,West,1234,Credit Card
2023-09-23,Mouse,3,764.15,Store_4,West,4607,Credit Card
2022-02-18,Monitor,5,664.87,Store_3,West,9043,Cash
2022-04-09,Headphones,5,167.44,Store_4,North,1522,Credit Card
2022-04-09,Smartphone,19,964.83,Store_4,West,6904,Cash
2022-06-26,Keyboard,14,331.9,Store_4,West,5888,Credit Card
2023-01-19,Smartphone,4,933.19,Store_4,West,6832,PayPal
2022-02-14,Smartphone,13,978.8,Store_3,South,8122,Debit Card
2023-06-04,Laptop,10,236.52,Store_2,East,6842,PayPal
2023-11-29,Printer,18,101.41,Store_2,North,2316,Cash
2023-01-02,Laptop,8,1173.33,Store_1,East,2124,PayPal
2022-12-05,Tablet,8,695.1,Store_2,West,6621,Cash
2023-01-27,Printer,7,96.66,Store_2,North,6423,Credit Card
2023-11-06,Printer,8,1492.35,Store_2,South,3587,Credit Card
2023-06-20,Mouse,14,96.09,Store_5,East,6672,Cash
2023-02-05,Laptop,19,1045.6,Store_3,North,2378,PayPal
2023-10-26,Tablet,6,1475.68,Store_2,West,4374,Credit Card
2022-04-25,Keyboard,1,366.38,Store_2,West,2519,Debit Card
2023-12-14,Tablet,15,221.95,Store_3,South,6777,Credit Card
2023-04-01,Tablet,1,190.86,Store_4,East,8935,Debit Card
2023-05-28,Laptop,17,461.88,Store_3,West,7093,PayPal
2023-07-06,Laptop,1,160.56,Store_2,West,9418,Debit Card
2022-03-02,Smartphone,15,1041.32,Store_3,South,6355,Debit Card
2022-08-31,Headphones,2,102.81,Store_2,North,5968,Debit Card
2023-02-03,Keyboard,14,769.04,Store_2,South,6574,Debit Card
2022-09-07,Tablet,8,1495.08,Store_3,West,5072,Credit Card
2023-01-08,Headphones,8,1222.82,Store_2,North,3257,Debit Card
2022-08-26,Smartphone,19,926.68,Store_3,West,9588,Credit Card
2022-09-06,Smartphone,7,466.32,Store_5,South,5424,Debit Card
2022-12-26,Tablet,19,939.6,Store_3,East,4237,Cash
2023-02-05,Monitor,6,795.29,Store_5,East,4893,PayPal
2022-09-30,Laptop,6,644.86,Store_1,East,3005,Debit Card
2022-11-05,Headphones,3,204.76,Store_5,East,3016,Cash
2023-12-24,Keyboard,7,1331.04,Store_2,South,2772,Debit Card
2023-01-02,Keyboard,19,680.18,Store_4,South,9353,Debit Card
2022-05-28,Printer,8,299.99,Store_1,East,4976,Debit Card
2022-04-16,Mouse,10,557.96,Store_5,South,2751,Cash
2023-12-08,Monitor,15,627.05,Store_2,East,9967,PayPal
2023-06-24,Printer,15,1243.03,Store_5,South,8430,Cash
2022-04-17,Printer,1,1103.09,Store_2,North,8170,PayPal
2023-01-16,Smartphone,7,1156.26,Store_5,West,7469,Debit Card
2022-05-30,Printer,4,26.44,Store_3,East,4220,Credit Card
2022-10-11,Laptop,6,630.07,Store_5,East,1539,Debit Card
2023-10-27,Mouse,1,727.2,Store_3,North,2461,PayPal
2022-04-11,Headphones,5,38.6,Store_1,North,6184,Cash
2022-02-13,Printer,1,397.12,Store_1,South,9547,Debit Card
2022-03-24,Smartphone,4,1142.83,Store_1,South,1234,Cash
2022-11-01,Tablet,2,214.29,Store_1,North,2548,Cash
2023-07-22,Tablet,10,807.61,Store_1,North,8480,Cash
2022-07-27,Headphones,5,330.65,Store_1,South,5213,Debit Card
2022-02-10,Smartphone,10,28.06,Store_5,West,2673,Cash
2022-11-28,Monitor,1,369.39,Store_4,West,7708,Cash
2023-08-03,Headphones,6,1464.05,Store_5,South,8982,Debit Card
2022-11-09,Printer,13,1204.29,Store_4,East,3100,Cash
2023-07-28,Tablet,15,1439.77,Store_4,North,4748,Debit Card
2022-01-16,Headphones,4,736.9,Store_4,East,4173,PayPal
2022-02-10,Keyboard,13,173.51,Store_3,East,2815,PayPal
2023-02-19,Printer,15,826.46,Store_5,East,4841,PayPal
2022-02-04,Mouse,8,687.02,Store_4,North,9016,Cash
2023-10-18,Monitor,5,1268.09,Store_5,South,8011,Credit Card
2022-09-20,Tablet,15,156.14,Store_2,East,5493,Credit Card
2022-04-09,Headphones,4,737.48,Store_3,West,1674,Cash
2022-03-03,Smartphone,12,233.57,Store_3,East,9088,Credit Card
2022-05-21,Laptop,13,493.77,Store_3,North,9578,Debit Card
2022-09-01,Printer,2,1108.66,Store_3,East,3158,Credit Card
2022-08-18,Smartphone,19,719.27,Store_3,South,3661,Cash
2023-07-05,Laptop,19,570.07,Store_2,North,3064,Cash
2022-06-12,Printer,4,597.77,Store_2,West,4253,Debit Card
2023-10-17,Tablet,4,694.58,Store_4,East,5979,PayPal
2022-05-18,Headphones,11,1179.67,Store_1,South,8703,Cash
2023-09-16,Smartphone,5,1339.21,Store_2,South,9931,Debit Card
2023-10-09,Smartphone,11,1433.45,Store_4,East,2401,Credit Card
2022-11-04,Laptop,10,1182.49,Store_2,East,4259,Credit Card
2023-02-12,Laptop,8,479.96,Store_1,East,4923,Debit Card
2023-08-12,Headphones,6,1035.32,Store_1,West,5214,Debit Card
2022-04-11,Tablet,6,662.03,Store_5,East,4227,Cash
2023-11-09,Tablet,8,389.46,Store_2,South,3745,Credit Card
2023-06-25,Printer,15,1262.9,Store_1,East,7091,Debit Card
2023-05-31,Headphones,14,67.26,Store_5,North,4866,Credit Card
2023-12-30,Laptop,11,1353.63,Store_1,East,6818,Debit Card
2022-05-01,Laptop,12,697.6,Store_5,East,3222,Credit Card
2023-07-08,Tablet,13,959.43,Store_2,South,3792,PayPal
2023-06-25,Laptop,8,992.44,Store_2,East,5063,Cash
2022-12-01,Smartphone,18,1343.73,Store_5,South,2524,Credit Card
2022-02-23,Monitor,1,958.64,Store_3,West,9224,PayPal
2022-11-16,Printer,15,924.76,Store_2,East,7198,Credit Card
2023-05-07,Mouse,8,109.31,Store_5,South,5025,Credit Card
2023-05-30,Smartphone,11,782.43,Store_4,West,3566,PayPal
2023-01-24,Smartphone,12,233.75,Store_1,South,3803,Credit Card
2023-01-26,Smartphone,12,1108.78,Store_1,West,4709,Credit Card
2023-07-18,Smartphone,4,773.21,Store_1,East,7155,Cash
2022-06-04,Smartphone,16,1023.54,Store_4,North,1719,PayPal
2023-12-11,Tablet,4,72.09,Store_2,South,7516,PayPal
2022-01-04,Tablet,5,136.34,Store_1,South,5579,Debit Card
2023-12-24,Headphones,5,1077.32,Store_4,North,1972,Credit Card
2022-04-15,Monitor,8,117.41,Store_1,West,4718,Cash
2023-02-11,Mouse,10,116.17,Store_5,South,8395,Credit Card
2022-08-10,Printer,17,28.04,Store_1,East,5402,Credit Card
2023-09-18,Laptop,9,1435.19,Store_4,East,5552,Debit Card
2022-09-04,Printer,19,1108.89,Store_1,East,3207,Credit Card
2023-10-19,Smartphone,14,536.34,Store_3,East,5426,Cash
2022-09-03,Laptop,8,451.84,Store_4,West,7919,Cash
2023-10-10,Keyboard,9,531.06,Store_4,West,9835,Debit Card
2023-02-25,Monitor,11,1164.23,Store_5,West,9386,Credit Card
2023-06-13,Mouse,1,995.44,Store_5,West,9680,Cash
2022-08-11,Monitor,14,285.94,Store_3,South,3204,Credit Card
2022-08-09,Printer,5,269.42,Store_4,West,6345,Credit Card
2022-02-16,Printer,14,156.61,Store_5,East,4276,Credit Card
2022-05-25,Monitor,4,993.85,Store_4,West,2102,Debit Card
2022-05-13,Laptop,1,1148.92,Store_4,West,6243,Credit Card
2023-08-23,Headphones,19,404.92,Store_4,North,7614,Cash
2022-07-08,Printer,8,41.21,Store_5,East,9707,Credit Card
2022-11-12,Smartphone,15,132.44,Store_1,South,6223,Cash
2023-02-04,Laptop,15,1452.11,Store_1,East,9584,Credit Card
2022-02-09,Smartphone,9,450.21,Store_1,North,1630,Cash
2023-05-16,Mouse,9,1156.14,Store_2,West,7683,Cash
2022-02-06,Laptop,10,940.75,Store_1,North,1277,Credit Card
2022-05-17,Mouse,9,579.09,Store_2,North,1232,Credit Card
2022-09-26,Monitor,3,316.47,Store_3,North,6690,Cash
2022-07-31,Headphones,11,190.87,Store_4,East,8659,PayPal
2022-01-02,Headphones,6,926.37,Store_3,West,1025,Debit Card
2022-01-08,Keyboard,2,1164.2,Store_3,West,8468,PayPal
2023-07-01,Laptop,7,969.42,Store_4,South,7410,PayPal
2022-09-07,Keyboard,18,800.15,Store_2,North,9652,Credit Card
2023-01-06,Printer,2,72.51,Store_3,South,4764,Debit Card
2023-03-14,Headphones,17,1453.05,Store_1,West,7599,PayPal
2022-08-20,Headphones,11,1200.08,Store_5,West,6102,Credit Card
2022-11-15,Tablet,12,446.3,Store_5,South,8006,PayPal
2022-09-07,Laptop,19,1470.16,Store_2,South,4483,PayPal
2023-10-28,Headphones,7,906.8,Store_4,West,2994,Credit Card
2023-04-17,Mouse,6,877.81,Store_4,West,9682,Credit Card
2023-09-08,Smartphone,1,1124.63,Store_5,East,2072,Credit Card
2023-04-28,Tablet,17,1219.54,Store_2,East,7707,Debit Card
2022-04-11,Smartphone,11,988.15,Store_5,South,1215,PayPal
2023-12-09,Tablet,18,200.86,Store_4,North,8605,Credit Card
2023-11-29,Monitor,17,514.02,Store_1,South,3606,Cash
2023-02-02,Smartphone,7,1392.84,Store_4,South,9350,PayPal
2022-10-04,Headphones,17,344.68,Store_2,North,5781,Cash
2022-11-25,Monitor,9,564.53,Store_4,East,4313,Debit Card
2022-10-12,Mouse,17,653.79,Store_2,North,8763,Credit Card
2023-08-18,Laptop,8,664.71,Store_1,East,6939,Cash
2022-01-25,Headphones,17,923.28,Store_5,South,3295,Debit Card
2023-05-16,Tablet,7,1415.18,Store_1,North,6685,Credit Card
2023-12-13,Mouse,1,368.63,Store_3,West,2696,Cash
2022-01-04,Monitor,13,191.04,Store_5,West,2946,Cash
2022-01-26,Printer,19,304.23,Store_2,West,3783,Debit Card
2023-02-16,Laptop,19,1331.52,Store_2,East,4644,Credit Card
2022-08-04,Printer,17,972.26,Store_1,West,6241,Credit Card
2022-12-19,Headphones,13,436.0,Store_5,West,7420,Cash
2022-02-15,Monitor,16,1225.76,Store_1,North,8557,Cash
2022-08-29,Laptop,8,1293.44,Store_4,East,3645,Cash
2022-01-26,Tablet,19,1271.31,Store_1,South,7589,Credit Card
2022-07-26,Headphones,18,1379.2,Store_1,East,7353,Debit Card
2022-05-19,Tablet,1,385.84,Store_5,South,2932,Debit Card
2023-10-02,Monitor,14,1135.01,Store_1,North,2757,Credit Card
2023-05-25,Mouse,19,696.2,Store_4,North,6085,PayPal
2023-04-22,Headphones,15,1264.58,Store_5,West,6637,Debit Card
2023-12-11,Keyboard,18,1095.45,Store_5,East,2116,Cash
2023-06-30,Laptop,2,1166.91,Store_4,South,1492,PayPal
2022-02-13,Printer,17,987.68,Store_3,North,9811,PayPal
2022-01-12,Headphones,18,274.37,Store_3,South,8888,Debit Card
2022-10-07,Monitor,6,822.09,Store_1,East,7474,PayPal
2022-09-08,Printer,19,1477.16,Store_4,North,5958,PayPal
2022-05-18,Laptop,4,1406.71,Store_4,West,3743,Debit Card
2023-01-27,Laptop,1,74.33,Store_2,West,8866,Debit Card
2023-11-16,Keyboard,8,255.57,Store_5,West,8160,PayPal
2023-03-28,Tablet,7,206.28,Store_3,East,6451,Cash
2023-04-24,Laptop,3,1091.71,Store_2,East,6258,Credit Card
2023-08-24,Tablet,10,1228.5,Store_4,South,9548,PayPal
